date,yt_pred_time_trend_1_dummy,yt_pred_time_trend_2_dummy,yt_pred_time_trend_3_dummy,yt_true,yt_pred_time_trend_3_fourier,yt_pred_mlp_8,yt_pred_stacked_mlp,yt_pred_d1d13_ar13,yt_pred_d1d12_mlp
1946-01-01,1095.0249999999996,1444.1986161805282,1197.3892389014316,890,1138.240263583135,,,,
1946-02-01,1077.3934210526309,1417.7272045877485,1182.2558001361924,992,1250.6692805200837,,,,
1946-03-01,1214.0776315789467,1545.571580333774,1321.147433439696,979,1282.00468809422,,,,
1946-04-01,1322.1302631578942,1644.7843762768964,1431.1167703908948,959,1425.2150843147804,,,,
1946-05-01,1385.0249999999994,1698.8392767432097,1495.6374952003107,1110,1564.7241622380193,,,,
1946-06-01,1539.498684210526,1844.4731228817816,1651.4464499732092,1546,1531.9319146678756,,,,
1946-07-01,1929.7092105263152,2225.843808421363,2042.701529446431,1539,2199.8856639478454,,,,
1946-08-01,3034.4986842105254,3321.7934352765883,3148.2448388831363,3401,2989.310342888406,,,,
1946-09-01,2284.7092105263155,2563.164126676638,2398.9184835464803,2092,2535.8518322346986,,,,
1946-10-01,1815.656578947368,2085.2716571630144,1930.038252910149,1436,1845.1812415880129,,,,
1946-11-01,1636.1302631578942,1896.9055003584635,1750.3936206583526,1301,1778.8667492289217,,,,
1946-12-01,1397.603947368421,1649.539342910743,1511.4582710016166,1287,1539.9901752271928,,,,
1947-01-01,1220.8175438596486,1464.4041988595166,1362.532522178094,1488,1302.454767202872,,,,
1947-02-01,1203.18596491228,1438.9149915567891,1344.9249807775238,1517,1412.430127355232,1260.8287581197696,1205.909176660877,,
1947-03-01,1339.870175438596,1567.7415715928676,1481.3748133795784,1707,1441.3439891327466,1360.020366506708,1282.3323781895367,,
1947-04-01,1447.9228070175432,1667.9365718260424,1588.9346515632103,1729,1582.164950544652,1434.9276830258304,1273.4332926946752,,
1947-05-01,1510.8175438596486,1722.9736765824082,1651.0781795389416,1788,1719.3167046472022,1488.115979613749,1335.6017470015538,,
1947-06-01,1665.291228070175,1869.589727011033,1804.5422394120376,2008,1684.1992442443368,1665.9033804755445,1497.3697155066293,,
1947-07-01,2055.5017543859644,2251.942616840667,2193.484725919339,2203,2349.859891679551,1959.1560238786865,1863.957944914858,,
1947-08-01,3160.291228070175,3348.8744479859447,3296.747744324005,3713,3137.0235797633236,2746.7774581373733,2894.159199623361,,
1947-09-01,2410.5017543859644,2591.227343676047,2545.173399889193,2946,2681.336189240794,2630.7031288445523,2863.775341039616,,
1947-10-01,1941.449122807017,2114.317078452476,2074.077482088587,2082,1988.4688297132536,2093.597527732729,2029.6152359782664,,
1947-11-01,1761.9228070175432,1926.9331259379776,1892.249464606399,2033,1919.9896794612737,1741.7666614193513,1480.9424720209252,,
1947-12-01,1523.39649122807,1680.5491727803098,1651.163031653153,1937,1678.9805585546228,1677.8859347553466,1537.4542162262412,,
1948-01-01,1346.610087719298,1496.3962330191357,1500.1185014670027,1711,1439.344714613347,1753.535788683224,1652.0117303249654,,
1948-02-01,1328.9785087719292,1471.8892300064613,1480.4244806376869,1775,1547.2517498367183,1739.4375679355726,1669.055356603778,,
1948-03-01,1465.662719298245,1601.698014332592,1614.8201357448777,1902,1574.129397673211,1888.1827194795087,1883.153469313908,1972.255844928933,1926.0496447515152
1948-04-01,1573.7153508771923,1702.8752188558194,1720.358098367528,1846,1712.9462561320613,1983.3162362584424,1939.4147306052544,1965.2077776186552,1887.2497140495148
1948-05-01,1636.6100877192978,1758.894527902238,1780.5120527161596,2083,1848.1260182695232,1983.905765129817,1892.824074311289,2015.5355067383657,1863.4183278324908
1948-06-01,1791.0837719298245,1906.4927826209148,1932.018840896038,2262,1811.0686768895357,2158.2066304630985,2084.893448401106,2424.4744858631075,2265.472730974139
1948-07-01,2181.2942982456134,2289.827876740602,2319.036357644004,2193,2474.8215543355946,2554.716004430552,2533.9061811109777,2359.0735418264676,2415.9099108447663
1948-08-01,3286.083771929824,3387.741912175932,3420.4067082232177,3792,3260.1095834181788,3127.638201003202,3224.9487829434306,3968.0454167379567,3664.9418672998054
1948-09-01,2536.2942982456134,2631.0770121560868,2666.971997896834,2343,2802.5786448824274,3252.5870748991906,3492.979939566472,2808.073884261492,2984.137382679619
1948-10-01,2067.2416666666663,2155.1489512225685,2194.04801613854,2313,2107.8998483296314,2329.598192114197,2224.277276172518,1778.0672838479368,1437.8881294894463
1948-11-01,1887.7153508771928,1968.747202998123,2010.4242366325448,2179,2037.641372040363,2212.224623916176,2132.686406582887,2014.340903926257,2225.0459394036106
1948-12-01,1649.1890350877188,1723.3454541305075,1767.574343589374,1975,1794.8850360843903,2040.1687921261075,2016.651243986959,2064.639740338307,2045.7245091726477
1949-01-01,1472.402631578947,1540.174718659386,1614.798655247181,1880,1553.5340880817591,1933.9856433428852,1838.4356306677507,1946.737616686484,1704.6241813906172
1949-02-01,1454.7710526315784,1516.6499199367645,1593.405778195705,1930,1659.758130231742,1924.142354971164,1896.2684076311289,1920.0382763384189,1902.8991330630233
1949-03-01,1591.4552631578945,1647.4409085529476,1726.1348790146171,2060,1684.9848959828128,2053.1856895118212,2049.004682792034,1982.7815379669228,2018.8474781187151
1949-04-01,1699.5078947368415,1749.6003173662275,1830.0385892828713,1843,1822.1829833442075,2121.548427216813,2077.0926070099385,2044.2205330800784,1966.9025076717985
1949-05-01,1762.402631578947,1806.6018307026984,1888.590593210989,2052,1955.776085372181,2138.687668806007,2074.258581588245,2085.3814693783934,2040.8154228500416
1949-06-01,1916.8763157894732,1955.182289711428,2038.527732904235,2039,1917.1641948706713,2266.962148436801,2213.790710950876,2220.6510949977437,2189.644815341352
1949-07-01,2307.086842105263,2339.499588121168,2424.007903099452,2351,2579.394634183175,2466.5137574813502,2433.3403924149293,2249.044692701502,1931.9628214173354
1949-08-01,3411.8763157894728,3438.3958278465507,3523.8732090597973,3394,3363.1923361201707,3112.6185945619177,3251.918120124103,3762.607581117476,3909.9215692619655
1949-09-01,2662.086842105263,2682.713132116758,2768.9657560484284,3581,2904.2031814267975,2846.64595430049,3016.640934569318,2548.4353384914266,1907.1780330123229
1949-10-01,2193.0342105263153,2207.767275473292,2294.6013335390303,2489,2208.098279704346,2984.594223440352,3097.2310394574856,2640.605934145344,3519.3448277620664
1949-11-01,2013.5078947368415,2022.347731538899,2109.5694152158135,2468,2136.44580923339,2447.2105980837387,2336.367524001349,2469.6987478975752,2323.4895344115284
1949-12-01,1774.9815789473682,1777.9281869613365,1865.3436852893035,2134,1892.3275900836943,2239.320614258432,2176.2384981414443,2226.1934964846605,2219.070577977526
1950-01-01,1598.1951754385962,1595.7396557802676,1711.2244619976536,1903,1649.6468698753083,2070.482450931118,1995.8158248486689,2046.4588016074367,2002.4748894882377
1950-02-01,1580.5635964912276,1573.1970613476983,1688.5203519306017,1719,1754.5732508075023,2033.9567299616117,1989.7650353954864,1992.4703447260515,1915.0539780956979
1950-03-01,1717.2478070175434,1704.9702542539344,1819.9705216678212,1617,1778.5344663287513,2029.406107196108,2031.4423562616848,2074.5844593709207,1810.0252129783798
1950-04-01,1825.3004385964907,1808.1118673572669,1922.6276027882643,1818,1914.499114448291,1992.4547221399064,1940.6552377093003,1683.1418042594455,1357.509379626962
1950-05-01,1888.195175438596,1866.0955849837903,1979.9652795024535,2067,2046.8908882223757,2110.01167137465,2077.573837744581,1980.5450024229012,1986.5326322385736
1950-06-01,2042.6688596491224,2015.658248282573,2128.720393915653,2457,2007.1097804549445,2224.14210489509,2178.556972238541,2195.6997235199233,2023.2119432086447
1950-07-01,2432.879385964912,2400.957750982365,2513.050840764705,2600,2668.2031134894933,2698.7251685403357,2700.5676431352476,2317.670010183856,2729.258623732332
1950-08-01,3537.668859649122,3500.8361949978007,3611.798725312769,3530,3450.8958201364994,3306.456967995082,3381.3386982588295,3950.1145212137862,3612.1437164702256
1950-09-01,2787.879385964912,2746.1357035580604,2855.806152822999,2693,2990.8337811411047,3577.912782447563,3732.599047539771,2955.789534250798,3674.0454345615444
1950-10-01,2318.8267543859647,2272.1720512046472,2380.3889127690827,2448,2293.688106104598,2725.543317076078,2701.1937008081413,2185.3620439955557,1562.8286294956042
1950-11-01,2139.300438596491,2087.7347115603066,2194.33647883523,2250,2221.0269733075525,2495.2768998701727,2469.3638873067334,2356.6332822085787,2380.871070154204
1950-12-01,1900.7741228070172,1844.2973712727965,1949.122535231966,1972,1975.9322028197355,2192.076661085718,2177.622693083817,2083.9272758649695,1880.782038651816
1951-01-01,1723.987719298245,1663.0910443817804,1794.047400197444,1682,1732.307042261194,2002.653619390742,1950.7759584536248,1834.4339849892567,1698.8347702868941
1951-02-01,1706.3561403508766,1641.5306542392636,1770.419680321403,1730,1836.3210938311995,1840.204670666564,1781.4902031863962,1632.1512663734024,1456.1350227669136
1951-03-01,1843.0403508771924,1774.286051435552,1900.9785421835145,1814,1859.4020909782264,1878.8975871882824,1831.8217273083767,1650.0431531642243,1591.0827566140788
1951-04-01,1951.09298245614,1878.4098688289373,2002.776617362732,1900,1994.518631711511,2021.392437881441,1963.8622641446311,1735.5211881898458,1981.6270840454417
1951-05-01,2013.987719298245,1937.3757907455135,2059.287590069577,2051,2126.0944090873068,2188.5129203835727,2144.152572075087,2059.432309280204,2114.699481869694
1951-06-01,2168.4614035087716,2087.9206583343484,2207.2483024093153,2290,2085.5294159095533,2435.1810102057916,2411.9987252096803,2243.0639720915124,2399.3102258622657
1951-07-01,2558.6719298245607,2474.202365324193,2590.8166491187885,2599,2745.8709745217466,2744.4341156470273,2769.0959779411096,2505.690404479523,2396.5596318112184
1951-08-01,3663.461403508771,3575.0630136296813,3688.834735461154,3428,3527.844017734365,3174.0527430359907,3294.6471602967913,3447.221818801014,3485.8732154984755
1951-09-01,2913.6719298245607,2821.344726479994,2932.14466669957,2262,3067.0944262925477,3072.884291689687,3229.347003890203,3216.806776688809,2553.471171557675
1951-10-01,2444.6192982456137,2348.363278416633,2456.0622323077214,2242,2369.2933097975856,2483.550921091401,2411.6696728695115,2018.5965940809672,1971.8327903441332
1951-11-01,2265.09298245614,2164.908143062345,2269.3769059698175,2103,2296.0088465300514,2264.6624653623835,2225.986411534261,1945.350122515054,2011.906079328326
1951-12-01,2026.5666666666664,1922.4530070648875,2023.562371896385,1825,2050.322856559713,2022.9634877172057,1997.8971869980012,1810.473888536565,1788.6269865216896
1952-01-01,1849.7802631578943,1742.228884463924,1867.918948325576,1670,1806.138587506616,1861.1704305361432,1764.938496807097,1564.454436928192,1498.623323019754
1952-02-01,1832.148684210526,1721.6506986114598,1843.7552418471305,1681,1909.6256415700332,1841.209893817581,1792.8236390046293,1574.520393196577,1681.46926318212
1952-03-01,1968.8328947368416,1855.388300097801,1973.81041904072,1713,1932.2117521984376,1931.9919983673324,1891.206649475684,1586.8698042319588,1728.1090612599673
1952-04-01,2076.885526315789,1960.4943217812388,2075.1371114852973,1954,2066.865517401067,1986.9559281228403,1919.1028244791269,1792.4934808245737,1761.3966541436248
1952-05-01,2139.7802631578943,2020.4424479878676,2131.209003391385,1876,2198.0106302341737,2135.943013850513,2108.3941124616217,2064.0757810885334,2066.1017664945207
1952-06-01,2294.253947368421,2171.969519866755,2278.7629368642474,2272,2157.047083501699,2269.7155577380945,2207.8093877538095,2292.972049805392,2075.1671450320846
1952-07-01,2684.46447368421,2559.233431146652,2661.956806640726,2612,2817.022199547137,2684.39435850522,2733.6900191222726,2496.1662001117747,2542.912595390935
1952-08-01,3789.25394736842,3661.076283742193,3759.63271798398,3590,3598.660911180966,3034.7348630131014,3180.8044930512915,3402.3170645587597,3404.2509184408864
1952-09-01,3039.46447368421,2908.340200882558,3002.6327761571665,2496,3137.609099148327,2886.170529707978,3044.3978895033088,2527.949162726716,2386.925616540566
1952-10-01,2570.4118421052626,2436.34095710925,2526.2727706339697,2441,2439.53787305051,2457.4120650397967,2393.7043620233767,2391.2745564996276,2439.75006286389
1952-11-01,2390.8855263157893,2253.868026045014,2339.342175098601,2340,2366.0154111680868,2268.818424125737,2220.6471577788975,2195.558485689039,2266.447247696229
1952-12-01,2152.3592105263156,2012.39509433761,2093.3146737615843,2090,2120.123533570826,2050.9851740667364,2018.2979385608176,2020.759905111632,2026.2695548128067
1953-01-01,1975.5728070175437,1833.153176026699,1937.490584861075,1812,1875.765487878774,1941.2403823671852,1864.1554159885363,1841.8684165104205,1899.4912266596425
1953-02-01,1957.941228070175,1813.5571944642872,1913.17851498681,1788,1979.1108762912024,1874.6076359552208,1816.6704865561255,1852.2640728521565,1785.6803397913386
1953-03-01,2094.6254385964908,1948.277000240681,2043.1176307184628,1837,2001.587432256585,1953.9523878268487,1912.3950347339191,1915.4649992257189,1782.7760162474615
1953-04-01,2202.6780701754383,2054.3652262141713,2144.360563634985,1993,2136.163753784159,2052.159336276747,2005.720384707393,2021.0194374229975,2040.4598131588214
1953-05-01,2265.5728070175437,2115.295556710853,2200.3809979468997,2021,2267.2635339301773,2106.0136949694074,2054.8273351053876,2065.683179986679,1878.882379005739
1953-06-01,2420.04649122807,2267.8048328797927,2347.915775759471,2199,2226.2867654985803,2347.070659818836,2295.872143032576,2381.239722657475,2379.6677918888245
1953-07-01,2810.2570175438595,2656.0509484497425,2731.122791809542,2622,2886.280770832863,2725.706456248556,2744.808213166379,2609.9441725559764,2502.3814918682037
1953-08-01,3915.0464912280695,3758.876005335336,3828.84415136027,3787,3667.970482743503,3177.8127733100177,3314.049780571979,3529.7495547515437,3562.8670645633956
1953-09-01,3165.2570175438595,3007.122126765754,3071.921959674811,2914,3207.001781975642,3138.6287775133123,3318.8876987075237,2554.2235968120904,2658.2049218104366
1953-10-01,2696.204385964912,2536.105087282498,2595.6720062268523,2487,2509.0457781305695,2807.7356996866624,2800.5059736954613,2726.6867451614517,2823.4722302575283
1953-11-01,2516.6780701754383,2354.6143605083153,2408.883764700603,2314,2435.670649488858,2485.07049089587,2428.4612879268507,2482.9406570020956,2346.306580140659
1953-12-01,2278.1517543859645,2114.1236330909633,2163.0309193065896,2139,2189.958216120275,2199.950082345504,2166.385387604842,2056.640816530725,2022.9697407527556
1954-01-01,2101.365350877193,1935.8639190701049,2007.4137882829637,2124,1945.8117256448677,2028.901301617407,1971.421418556529,1891.6433828003544,1823.4797567884925
1954-02-01,2083.733771929824,1917.2501417977455,1983.3409782194651,2214,2049.400780261907,2033.03707997002,2026.1910545552691,2047.092538308435,2064.485182565391
1954-03-01,2220.4179824561397,2052.952151864192,2113.5516556957655,2234,2072.153113419868,2174.38067537707,2188.8486152580685,2188.9106921105576,2226.4006779970173
1954-04-01,2328.4706140350872,2160.022582127735,2215.0984522908193,2279,2207.0373231279864,2286.80305907125,2266.389693412767,2397.5923975792393,2352.122449476591
1954-05-01,2391.3653508771927,2221.935116914469,2271.4550522151458,2423,2338.477102442516,2315.142286720398,2265.411107100131,2251.754149424396,2268.2185590246163
1954-06-01,2545.839035087719,2375.4265973734614,2419.3582975740123,2290,2297.8724441673967,2499.836850700852,2447.1650391086528,2605.205970226212,2565.8619716450103
1954-07-01,2936.0495614035085,2764.6549172334644,2802.9660831042593,2903,2958.2706706461245,2829.5950049824355,2804.0615208735735,2862.1593079036884,2674.277827797877
1954-08-01,4040.839035087719,3868.46217840911,3901.1205140690463,4485,3740.396714689175,3470.152845207705,3597.9199930266395,3981.396229431487,4032.4244751788383
1954-09-01,3291.049561403508,3117.6905041295804,3144.663695731529,3085,3279.896457041693,3673.9962981629224,3872.9269081491975,3287.061570222675,3578.824075375662
1954-10-01,2821.9969298245614,2647.6556689363774,2668.911417565393,2852,2582.441007304965,2987.9649928185554,2943.684387109552,2942.9117598776284,2619.307587847654
1954-11-01,2642.4706140350872,2467.1471464522474,2482.6531532548497,2629,2509.598543759565,2676.0994941071294,2617.409691671752,2725.3903657133005,2638.247975982541
1954-12-01,2403.944298245614,2227.6386233249477,2237.3625870104224,2435,2264.45088647526,2443.8852404484255,2406.714500256828,2468.0376094190797,2419.0397735099405
1955-01-01,2227.1578947368416,2050.361113594142,2082.3400370702666,2227,2020.901283072096,2363.9560253649192,2329.9341626204778,2317.528387179341,2384.7066654321407
1955-02-01,2209.5263157894733,2032.729540611835,2058.89411002412,1944,2125.1193357493476,2325.677504838712,2333.49403901878,2340.9693424101124,2280.7609346313748
1955-03-01,2346.210526315789,2169.413754968334,2189.763972451654,2125,2148.5327779554864,2325.7768251266175,2315.9242316487466,2142.592934682514,1920.7045226493192
1955-04-01,2454.2631578947367,2277.4663895219296,2292.002255931823,2260,2284.110207699749,2439.7609236623803,2433.3009864959427,2276.4975961192904,2131.3817480372963
1955-05-01,2517.1578947368416,2340.3611285987163,2349.082644675148,2299,2416.27531803839,2506.563989268157,2495.5662249826346,2357.0249417504992,2367.07236626786
1955-06-01,2671.6315789473683,2494.834813347761,2497.741980786894,2323,2376.428101775349,2571.7945348256553,2489.2800867127858,2347.4866481199406,2126.1053455940746
1955-07-01,3061.8421052631575,2885.045337497817,2882.1381590039036,2659,3037.6158812541207,3131.217731142354,3110.9317016651175,2907.7742384582943,2897.8383659660713
1955-08-01,4166.631578947367,3989.834802963515,3981.1132845893344,3761,3820.563589285184,3754.421975214944,3838.05671924993,4038.965598575899,4201.126857440494
1955-09-01,3416.8421052631575,3240.045332974038,3225.509462806343,2779,3360.917106613678,3511.0659716520336,3662.3643359255448,2743.660015664742,2319.006149540981
1955-10-01,2947.78947368421,2770.992702070888,2750.6424831286154,2761,2664.3475428408947,3020.899582131254,3010.138836729269,2463.58547505373,2504.066223863534
1955-11-01,2768.2631578947367,2591.46638387681,2565.3018192403633,2446,2592.4230762474053,2805.457684569845,2810.4035509360124,2441.98325304631,2502.5168669468385
1955-12-01,2529.7368421052633,2352.940065039563,2320.961155352109,2278,2348.2255269029797,2515.250351415169,2511.828518927322,2272.578167906351,2211.4674019857957
1956-01-01,2352.950438596491,2176.6447595988097,2166.9208097020073,1879,2105.65814242766,2304.385953692786,2280.0399452592205,2063.447005838523,2027.2643983615962
1956-02-01,2335.3188596491223,2159.995390906556,2144.4893888797974,1881,2210.890525020722,2077.8962221637607,2024.8083840048,1821.3105596980467,1553.7857770684868
1956-03-01,2472.003070175438,2297.6618095531076,2276.406059465151,2165,2235.35040813064,2206.753643751832,2197.4447551124586,1944.7964647125268,2025.146232394461
1956-04-01,2580.055701754386,2406.696648396756,2379.7234530370206,2199,2372.006389766647,2380.8123803073436,2404.223831950188,2142.3483179261366,2265.165504155204
1956-05-01,2642.950438596491,2470.573591763595,2437.9152538059298,2308,2505.2821629849996,2421.2434247347333,2413.080643194861,2292.6481602948625,2198.643085226663
1956-06-01,2797.4241228070173,2626.0294808026924,2587.718303877141,2529,2466.5777205896356,2532.013347209394,2488.5244332262896,2228.112918046335,2293.3254092735024
1956-07-01,3187.634649122807,3017.2222092428,2973.2904979874984,2573,3128.9403849240525,2957.702340982497,2976.3122812425186,2774.352124124238,2828.197313496232
1956-08-01,4292.424122807017,4122.993878998552,4073.473941400158,3946,3913.0950887987265,3325.365659051212,3406.807220003607,4060.843442770123,3635.9859821580912
1956-09-01,3542.634649122807,3374.1866132991267,3319.1107393782786,3200,3454.6877129587983,3400.25902344146,3576.161313368269,2806.723760822857,2927.25330353965
1956-10-01,3073.5820175438594,2906.1161866860293,2845.516681395545,2574,2759.3893670055595,3125.928019588874,3163.2174240959134,2876.90077444511,3150.773692761102
1956-11-01,2894.0557017543856,2727.5720727820044,2661.481241136168,2422,2688.768229219582,2644.655755118026,2584.352714553314,2486.648537249114,2220.9850902811995
1956-12-01,2655.529385964912,2490.0279582348094,2418.4781028106727,2446,2445.9061196706334,2365.25630456059,2348.3878613890815,2227.893366873413,2214.1951078477796
1957-01-01,2478.7429824561405,2314.714857084109,2265.807584657211,2828,2204.7062859787593,2209.9319194209174,2185.1796727079673,2091.8702211722702,2013.1088430786695
1957-02-01,2461.1114035087717,2299.0476926819074,2244.778293265523,2879,2311.338330343232,2396.6857138532437,2448.903042626643,2407.0695358481316,2799.793246121805
1957-03-01,2597.7956140350875,2437.696315618512,2378.129395215281,2800,2337.2299862125265,2644.438169918071,2700.4151369310025,2905.136984827648,3132.1258777540716
1957-04-01,2705.8482456140346,2547.713358752213,2482.9135220854373,2835,2475.349851595879,2707.2160701060648,2694.9031247874746,2853.957148452495,2792.8030470769936
1957-05-01,2768.7429824561405,2612.5725064091043,2542.6043580865144,2585,2610.121619549542,2760.9019718165614,2732.7325820056412,2897.5513764678635,2907.7133962417593
1957-06-01,2923.2166666666662,2769.0105997382543,2693.938745323777,2787,2572.9452828774565,2735.434636675599,2659.6898078148392,2817.877905297498,2770.0395253719726
1957-07-01,3313.4271929824563,3161.1855324684147,3081.074578534066,3334,3236.8681639231177,3037.611242141992,3023.917481850934,3066.490056054574,2794.2682633492986
1957-08-01,4418.216666666666,4267.939406514219,4182.853962980542,4746,4022.615195497003,3794.098203268123,3884.902627346026,4598.273226424708,4673.783806836753
1957-09-01,3668.4271929824554,3520.1143451048465,3430.1190039263593,3613,3565.8322583442528,3972.8131471763586,4106.600753538058,3770.816871684091,3965.558286897667
1957-10-01,3199.374561403509,3053.026122781802,2958.185490845205,3463,2872.190462066159,3317.438892245936,3278.386154500387,3358.173752999256,2949.400064929272
1957-11-01,3019.848245614035,2875.4642131678293,2775.8428974212893,3274,2803.2579849432914,3089.131054134893,3029.6603856788624,3140.2279558658556,3273.7428461289637
1957-12-01,2781.3219298245613,2638.9023029106875,2534.564907865137,2801,2562.116647045422,3011.887588220732,2966.9218768136325,3198.6634411760806,3268.577951805244
1958-01-01,2604.5355263157894,2464.5714060500395,2383.6518404149,2488,2322.669695992592,2950.3760707935116,2920.55104975893,3015.6472338982257,3147.1023577548995
1958-02-01,2586.9039473684206,2449.8864459378906,2364.4123016603207,2386,2431.086733984076,2812.2946078189702,2799.3892474652607,2715.9089328706305,2495.96544383154
1958-03-01,2723.5881578947365,2589.517273164547,2499.585458181068,2428,2458.795494468348,2806.0963291527187,2821.5219132565244,2707.301458926191,2261.7675731257714
1958-04-01,2831.640789473684,2700.5165205883004,2606.223941556096,2678,2598.7645754546447,2840.769632525223,2845.8029932995028,2657.630920441684,2422.052267139612
1958-05-01,2894.5355263157894,2766.357872535245,2667.801435995927,2744,2735.4176699992195,2854.965463949121,2838.562465056754,2613.6900481751854,2389.614996762837
1958-06-01,3049.0092105263157,2923.7781701544477,2821.054783605826,2772,2700.1547709060123,3102.7329683230732,3042.371757274881,2952.8271286167073,2906.780124947313
1958-07-01,3439.219736842105,3316.935307174661,3210.1418791226333,3520,3366.023200518517,3622.677665454789,3565.873986393921,3085.3079625306946,3281.226799959013
1958-08-01,4544.009210526315,4424.671385510517,4313.904827809509,3833,4153.747891647214,4291.748214663575,4285.592189263006,4557.493740505441,4894.646201631156
1958-09-01,3794.219736842105,3677.828528391198,3563.1857349296088,3377,3698.9747250372416,3953.5217687580607,3974.076873185363,3274.4537088830184,2653.614921859158
1958-10-01,3325.1671052631573,3211.722510358205,3093.3003899566183,3013,3007.3748102898917,3688.9487441421434,3676.3986365297583,2906.6835564745124,3183.2101462888986
1958-11-01,3145.640789473684,3035.1428050342856,2913.0382665747493,2871,2940.516325685737,3315.07043504879,3313.8361574748315,2852.617668510902,2786.8259848868483
1958-12-01,2907.1144736842107,2799.563099067196,2673.8730489945256,2592,2701.481091294543,2929.4748587667486,2943.213558510374,2579.71740776787,2350.033588754788
1959-01-01,2730.3280701754384,2626.2144064966005,2525.1050554541007,2375,2464.172354736359,2639.9219750397197,2630.385082549272,2609.4389480750306,2234.4089888668877
1959-02-01,2712.69649122807,2612.5116506745044,2508.0428925432125,2304,2574.7597182104546,2533.8365956968173,2520.8115625702712,2358.9496750089147,2231.428895589892
1959-03-01,2849.380701754386,2753.1246821912137,2645.425726841536,2464,2604.670915165304,2602.3616225095884,2591.7053241619537,2262.9825896095645,2310.4518836565258
1959-04-01,2957.4333333333334,2865.10613390502,2754.306189928022,2557,2746.8745436101453,2799.8259956982643,2810.6061060832185,2511.748669102959,2680.2500297711467
1959-05-01,3020.3280701754384,2931.9296901420166,2818.157966013191,2739,2885.7942966012297,2877.6455282884076,2865.2400590837724,2421.8264626730215,2583.8061864724987
1959-06-01,3174.8017543859646,3090.332192051272,2973.7178972023103,2714,2852.830166942502,3102.640008328245,3081.9004744080444,2771.0584830533,2732.6587222234575
1959-07-01,3565.012280701754,3484.4715333615377,3365.143878232223,3102,3521.029476977451,3506.6764162288505,3503.6185882419873,3294.38921096169,3419.1960176756947
1959-08-01,4669.801754385964,4593.189815987446,4471.278014366084,3961,4311.117159516558,3706.87617047338,3758.0948880279625,4096.696249395776,3375.088129073898
1959-09-01,3920.012280701754,3847.32916315818,3722.9624108670514,3772,3858.739095304963,3787.628988835106,3884.399011893371,3243.8098446354616,3465.0494345116604
1959-10-01,3450.9596491228067,3382.2053494152397,3255.5128572088106,3245,3169.566393943959,3581.6387678457613,3622.044721303995,3226.7241118635093,3379.556128407441
1959-11-01,3271.433333333333,3206.6078483813726,3077.718827075574,3104,3105.1672337141144,3227.395157250614,3214.554128985458,3136.503953173662,3065.8349655739075
1959-12-01,3032.9070175438596,2972.010346704336,2841.054004677864,2869,2868.623434685199,2933.325402428934,2933.322067998999,2693.5769136677955,2788.7427198482146
1960-01-01,2856.120614035088,2799.643858423793,2694.818708253835,2513,2633.8382444772587,2697.6958572936487,2684.0772938156624,2496.7203729793346,2617.0899942485485
1960-02-01,2838.4890350877195,2786.9233068917497,2680.321544393226,2385,2746.9812652895653,2548.4546689281997,2517.177722978664,2474.9297271366595,2407.362034509668
1960-03-01,2975.1732456140344,2928.5185426985113,2820.30167967571,2756,2779.4802305705934,2607.303089565305,2601.6257808713344,2536.353133182487,2507.228284779476
1960-04-01,3083.2258771929824,3041.4821987023697,2931.8117456802365,2927,2924.3037383295787,2857.97220137317,2894.7603404988895,2860.1896413747427,2812.4922199108914
1960-05-01,3146.120614035088,3109.2879592294194,2998.3254266173326,2940,3065.8754816227756,3038.7646082029964,3055.517673387243,3068.0907629429967,3073.9422086982477
1960-06-01,3300.5942982456136,3268.6726654287277,3156.579564592258,3180,3035.5954532541245,3115.183068841627,3074.59995614965,2925.4689977962535,2877.3216280436536
1960-07-01,3690.804824561403,3663.7942110290455,3550.732054341858,3791,3706.5109755671183,3546.0605118340504,3519.4850199687285,3659.8518246975273,3532.371411167922
1960-08-01,4795.594298245614,4773.494697945007,4659.6250011292905,4093,4499.346981372236,4119.843438093832,4120.807627056549,4369.986949818151,4617.18633142305
1960-09-01,4045.8048245614023,4028.6162494057926,3914.1005102177114,4309,4049.74935141462,4083.878202258272,4091.585796345548,3852.532619190847,3868.5676808741828
1960-10-01,3576.752192982456,3564.474639952906,3449.474371080805,3532,3363.389195295559,3933.3221929268266,3946.670133226011,3658.159265917132,3745.203337351315
1960-11-01,3397.2258771929824,3389.859343209091,3274.5360574027864,3408,3301.834691295626,3524.977976853388,3488.68076323121,3519.8667358157936,3353.480470207096
1960-12-01,3158.6995614035086,3156.2440458221067,3040.759253394176,2839,3068.1676594845885,3208.6409922094085,3206.186158580578,3169.9706993263353,3134.9879624426103
1961-01-01,2981.9131578947367,2984.8597618316167,2897.444277293128,2792,2836.291347482492,2762.7238613661334,2711.5452700484902,2723.2670553641456,2443.7058052667626
1961-02-01,2964.281578947368,2973.1214145896256,2885.8997356893833,2798,2952.3753574886105,2731.545908249516,2711.532403315189,2658.561616784177,2625.69615508919
1961-03-01,3100.965789473684,3115.69885468644,3028.8647951626117,3007,2987.847422951417,2959.2364317798333,2961.2915157076036,3067.374063412337,3135.9360534851676
1961-04-01,3209.0184210526313,3229.644714980351,3143.392087291767,3086,3135.676141880145,3179.737601065584,3190.4929440160076,3119.961552508722,3140.8182704120727
1961-05-01,3271.9131578947367,3298.4326797974536,3212.9552962873713,3201,3280.2852073310523,3300.236660985465,3262.5133000968613,3206.9284323851753,3058.9516114105854
1961-06-01,3426.386842105263,3458.7995902868142,3374.2912642546908,3428,3253.0746121080792,3566.0098283703956,3506.873576553821,3341.1050136827334,3404.804301761512
1961-07-01,3816.597368421052,3854.903340177185,3771.557885930564,3754,3927.091678554718,3973.1298579551058,3909.7206341596698,3821.3504618258376,4001.8704251855306
1961-08-01,4921.386842105263,4965.586031383199,4883.597266578153,4917,4723.061339481447,4239.829185864329,4181.346276780446,4432.251998404896,4016.752285634195
1961-09-01,4171.597368421052,4221.689787134037,4141.251511460611,3760,4276.629475633409,4585.936468135064,4534.417102189751,4696.851113640492,5094.603236924373
1961-10-01,3702.5447368421046,3758.5303819712026,3679.8364100516274,3609,3593.467196611892,3952.0928953912503,3869.4679941613176,3538.887514253568,2942.61496947918
1961-11-01,3523.0184210526313,3584.89728951744,3508.141436035411,3471,3535.1426806974705,3635.879728345849,3603.2254408866406,3329.0632303282146,3440.770620132297
1961-12-01,3284.492105263158,3352.2641964205086,3277.6402736224845,3347,3304.737747959911,3250.9255699170026,3233.892557109285,3106.1618820762087,2868.315614858615
1962-01-01,3107.705701754386,3181.862116720071,3137.633241051004,3333,3076.1556460192596,3150.2085004385617,3150.2472883936343,3041.8876847989286,3263.6618590947564
1962-02-01,3090.0741228070174,3171.105973768133,3129.428944910708,3456,3195.565977074788,3189.1231988231934,3178.433085080119,3157.8059292859953,3305.7716819711823
1962-03-01,3226.758333333333,3314.665618155,3275.7665517812666,3569,3234.396474574971,3417.44431169602,3417.952678673082,3508.9694468199123,3624.987524847036
1962-04-01,3334.8109649122807,3429.5936827389637,3393.698693241635,3900,3385.6157365290455,3571.028695200808,3540.239100921186,3671.23792239352,3609.8560318818236
1962-05-01,3397.7057017543857,3499.3638518461185,3466.699053502335,3909,3533.647455993264,3773.1212521204025,3727.192542598792,3822.9446085669542,3981.4378065976134
1962-06-01,3552.1793859649124,3660.712966625532,3631.504474668632,4098,3509.891625771568,3947.491755739719,3851.997763115904,4067.8272948959298,4096.991965442615
1962-07-01,3942.3899122807015,4057.798920805955,4032.2728514773657,4826,4187.39556820745,4326.364190243393,4202.481698684726,4693.263911084071,4389.702735999992
1962-08-01,5047.1793859649115,5169.463816302022,5147.846289191694,5770,4986.884216111391,4774.017682144118,4640.694589770635,5366.609942883282,5950.770968892084
1962-09-01,4297.3899122807015,4426.549776342912,4409.066893074777,5108,4544.003450228531,4692.0287694188155,4583.9901209256395,5154.450021952176,4581.513182102892
1962-10-01,3828.337280701754,3964.3725754701304,3951.250452600299,4360,3864.4243801601583,4465.679336300494,4318.317729553967,4721.733864279409,4917.494273911452
1962-11-01,3648.8109649122807,3791.721687306421,3783.1864414524703,4100,3809.715184186847,4050.528367554913,3910.008990652404,4350.547876672563,4191.060118041803
1962-12-01,3410.2846491228074,3560.070798499542,3556.3485438418147,3562,3582.9576823783655,3776.160392683066,3677.5378395248904,3874.633435680257,3937.63777797273
1963-01-01,3233.498245614035,3390.650923089157,3420.037078006486,3284,3358.055122354758,3497.242240612324,3407.435558001305,3743.420805368858,3513.648300656736
1963-02-01,3215.866666666667,3380.876984427271,3415.560650536224,3278,3481.1771063152983,3434.0444897388093,3341.4974455372085,3596.469915140806,3366.0640619684928
1963-03-01,3352.5508771929826,3525.418833104191,3565.658428010699,3424,3523.751367708459,3616.794154493363,3522.7185503932783,3698.887484754231,3352.6854354383468
1963-04-01,3460.6035087719292,3641.3291019782073,3687.383042008866,3843,3678.746504543477,3909.3515616673862,3807.9399269871774,3788.8564572694418,3715.623900330065
1963-05-01,3523.498245614035,3712.0814753754144,3764.2081767412474,3614,3830.586209876608,4134.267253249101,4007.7632596513354,3874.866653108443,3813.269454973579
1963-06-01,3677.971929824561,3874.41279444488,3932.870674313106,3536,3810.6704765117897,4280.379008414775,4080.40292805217,3987.5054007648,3763.2436580284875
1963-07-01,4068.182456140351,4272.480952915355,4337.528429461285,4505,4492.046626792515,4635.68898772559,4401.946567035039,4170.540755705464,4218.651839175753
1963-08-01,5172.971929824561,5385.128052701475,5457.023547448942,5456,5295.439593529267,5029.833476791291,4813.052522192538,5438.841554397917,5411.947992194309
1963-09-01,4423.18245614035,4643.196217032419,4722.198133539233,4881,4856.495257467185,5033.501498483392,4835.641285469419,4534.1230016725785,4750.531980127624
1963-10-01,3954.129824561403,4182.001220449689,4268.367977205846,4041,4180.884728207558,4725.717307107856,4534.03449324617,4224.892197721685,4091.365542678439
1963-11-01,3774.60350877193,4010.332536576033,4104.32255213299,3724,4130.176184030956,4254.451439265738,4098.6470972127245,3900.4483555806783,3731.3140745979535
1963-12-01,3536.077192982456,3779.663852059206,3881.53554253119,3525,3907.451445007153,3747.763478742795,3657.273144179082,3341.9721077790655,3140.95248970165
1964-01-01,3359.290789473684,3611.2261809388738,3749.307266638597,3437,3686.613758756189,3445.4088768012957,3391.9876130686503,3258.504439803579,3206.6535259046295
1964-02-01,3341.6592105263153,3602.4344465670406,3748.946331044955,3324,3813.832727477341,3426.44912419546,3375.1694246503785,3389.293976885231,3393.356230090825
1964-03-01,3478.343421052632,3747.958499534013,3903.1919023299342,3977,3860.536084619079,3619.637497236586,3548.3578113770463,3465.3293052080717,3430.8427254298913
1964-04-01,3586.396052631578,3864.850972698082,4029.0966120724834,4025,4019.692428190642,4089.938932468348,4034.156887867859,4055.996800949575,4360.9715110781635
1964-05-01,3649.290789473683,3936.585550385342,4110.134144483131,4016,4175.725451248284,4043.5879997729166,3935.6203744661966,3891.072855744736,3758.1871710066735
1964-06-01,3803.7644736842103,4099.89907374486,4283.041341667137,4031,4160.035146595943,4151.863201701111,3979.800076862784,4003.4331578820543,3900.358922439149
1964-07-01,4193.974999999999,4498.949436505389,4691.976098361346,4489,4845.668836577115,4635.08117740761,4417.164980854935,4889.017150948133,4965.539905277963
1964-08-01,5298.76447368421,5612.578740581561,5815.780519828915,5563,5653.351454002276,4941.426806309751,4732.131226207494,5610.526096567959,5402.723004834685
1964-09-01,4548.974999999999,4871.629109202557,5085.296711333002,5709,5218.728879616572,4961.184636410441,4789.111969329059,4993.839208255449,4951.566982772554
1964-10-01,4079.922368421052,4411.416316909879,4635.840462347291,4620,4547.472223021287,4791.198087556562,4626.783760468807,4611.948816204971,4838.696197015328
1964-11-01,3900.396052631578,4240.729837326276,4476.201246555993,4160,4501.149662497,4333.236376682882,4157.653057790015,4419.473631015171,4269.579334655187
1964-12-01,3661.869736842106,4011.0433570995015,4257.852748169633,4012,4282.843018113472,3933.293421418427,3795.076501892064,3886.592226805537,3924.625212688975
1965-01-01,3485.0833333333335,3843.587890269222,4130.095285426365,3987,4066.455537490755,3703.2011525602406,3613.491023627781,3701.173794999824,3888.5339559196236
1965-02-01,3467.4517543859647,3835.778360187441,4134.237464915926,4155,4198.156822828115,3725.436017216543,3640.103878657564,3895.155507517573,3842.34956991129
1965-03-01,3604.135964912281,3982.2846174444658,4293.018453217994,4054,4249.374607574033,4143.036879109928,4024.20811589477,4460.723871879491,4774.484386417917
1965-04-01,3712.188596491228,4100.159294898587,4423.4908819115135,4485,4413.077489737738,4231.581876654224,4089.550670374306,4488.057238938567,4061.639830868071
1965-05-01,3775.083333333333,4172.8760768759,4509.1284352070115,4558,4573.689162375492,4396.050911498626,4240.221647027616,4394.346898340462,4435.3958859854065
1965-06-01,3929.55701754386,4337.171804525471,4686.667955209752,4462,4562.609618291227,4488.51601403337,4281.381917532497,4428.269716313418,4540.589801820224
1965-07-01,4319.767543859649,4737.204371576052,5100.267336656574,4594,5252.886179828443,4743.348048292253,4481.513252282017,5159.303705223094,4881.428193171007
1965-08-01,5424.557017543859,5851.815879942276,6228.768684810641,6481,6065.243779797617,5058.293716551852,4778.684273490578,5971.379865484803,5627.6049668611195
1965-09-01,4674.767543859649,5111.848452853325,5503.014104935109,6345,5635.32829894389,5309.064625131423,5050.542413196852,5942.584694352912,6594.601559671539
1965-10-01,4205.714912280701,4652.617864850701,5058.319386503657,5142,4968.81084686855,5125.528767615357,4857.925110834974,5245.124647457478,5224.473814237466
1965-11-01,4026.188596491228,4482.913589557149,4903.474003200505,4824,4927.259601852174,4690.961191824304,4431.77196187052,4800.60449984801,4639.745919343895
1965-12-01,3787.662280701755,4254.209313620428,4689.95163923617,4573,4713.756383964521,4420.5499587914455,4206.089709741723,4601.677349065787,4636.357872027791
1966-01-01,3610.8758771929824,4087.736051080201,4567.052612848812,4158,4502.204440825649,4244.418913978327,4089.32985772056,4564.1271986065585,4513.07858375091
1966-02-01,3593.244298245613,4080.908725288473,4576.085530628163,4140,4638.773374634821,4071.904471084595,3902.2440398219974,4314.902644845188,4284.95681131377
1966-03-01,3729.92850877193,4228.397186835549,4739.789559153902,4251,4694.890918840515,4137.355734254575,3948.1416713678186,4516.756323819856,3997.788025404745
1966-04-01,3837.9811403508775,4347.254068579725,4875.217330004975,4734,4863.525671451965,4478.250306770519,4280.353412600477,4689.039323689931,4640.332178335202
1966-05-01,3900.8758771929824,4420.953054847088,4965.842527391911,4858,5029.101325525432,4673.537972806119,4460.173004249399,4737.3196016462025,4774.87247971338
1966-06-01,4055.349561403509,4586.230986786713,5148.4019934199705,4798,5023.017873864843,4710.054854738728,4451.897875796188,4728.008763301079,4722.037648918204
1966-07-01,4445.560087719298,4987.245758127347,5567.053622825994,5080,5718.3226388137045,4959.920933877018,4630.997576738004,5127.123344642403,4892.520759955514
1966-08-01,5550.349561403508,6102.839470783624,6700.639520873145,6905,6535.740553182489,5341.994597546807,5000.383181644891,6526.318903698089,6929.772142001224
1966-09-01,4800.560087719298,5363.854247984725,5980.001792824576,5504,6110.91749771634,5454.659626901843,5146.0802019829225,6673.2772118921675,6734.969845657073
1966-10-01,4331.507456140351,4905.605864272153,5540.456228153974,5457,5449.524582016545,5122.699352745911,4798.048667516635,4949.217420705092,4249.050665109018
1966-11-01,4151.9811403508775,4736.883793268654,5390.792300545548,5198,5413.129984363677,4948.512770941043,4677.478469913071,4777.102185386804,5100.192725004152
1966-12-01,3913.454824561404,4509.161721621986,5182.483694209825,4890,5204.815524827503,4729.9190526287775,4495.8350006125675,4907.60242833056,4914.660053547132
